{"cameraMode":{"drawMode":0,"name":"Shaded","section":"Shading Mode"},"sceneLighting":true,"audioPlay":false,"sceneViewState":{"m_AlwaysRefresh":false,"showFog":true,"showSkybox":true,"showFlares":true,"showImageEffects":true,"showParticleSystems":true,"showVisualEffectGraphs":true,"m_FxEnabled":true},"in2DMode":false,"pivot":{"x":47.816932678222659,"y":36.090904235839847,"z":-4.836185455322266},"rotation":{"x":0.37179577350616457,"y":0.06397860497236252,"z":-0.025695135816931726,"w":0.9257512092590332},"size":14.402998924255371,"orthographic":true}